{
  "simple_loop_sum with n = 100000": {
    "allocs": 2,
    "time": 1526517,
    "memory in KiB": 781.328125
  },
  "simple_loop_sum with n = 10000": {
    "allocs": 2,
    "time": 152493,
    "memory in KiB": 78.203125
  },
  "simple_loop_sum with n = 1000000": {
    "allocs": 2,
    "time": 18955442,
    "memory in KiB": 7812.578125
  }
}
